,Date,Sentiment
0,2018-12-20,-10.2354217
1,2018-12-20,-20.77944065
2,2018-12-20,1.147078669
3,2018-12-20,0
4,2018-12-20,-20.50911437
5,2018-12-20,-5.043552157
6,2018-12-20,-19.7632428
7,2018-12-20,1.615620527
8,2018-12-20,1.615620527
9,2018-12-20,1.615620527
10,2018-12-20,-21.84257059
11,2018-12-20,-6.695135152
12,2018-12-20,7.063821743
13,2018-12-20,-32.06630727
14,2018-12-20,-46.62865172
15,2018-12-20,-26.54823298
16,2018-12-20,1.147078669
17,2018-12-20,-3.043552157
18,2018-12-20,-15.59017223
19,2018-12-20,-14.90869637
20,2018-12-20,-21.93388139
21,2018-12-20,-2.115866309
22,2018-12-20,2.799987022
23,2018-12-20,-3.426344612
24,2018-12-20,7.063821743
25,2018-12-20,-20.6692526
26,2018-12-20,7.063821743
27,2018-12-20,-16.19379667
28,2018-12-20,-13.7150073
29,2018-12-20,14.1417813
30,2018-12-20,-21.77944065
31,2018-12-20,-19.83532214
32,2018-12-20,1.693779978
33,2018-12-20,-22.06488316
34,2018-12-20,-21.77944065
35,2018-12-20,-5.870299194
36,2018-12-20,-3.043552157
37,2018-12-20,-3.408069561
38,2018-12-20,-19.27493983
39,2018-12-20,-2.826747037
40,2018-12-20,10.21728037
41,2018-12-20,-17.73183215
42,2018-12-20,-18.44651271
43,2018-12-20,-19.0819953
44,2018-12-20,-6.426344612
45,2018-12-20,-0.25191621
46,2018-12-20,0.187131045
47,2018-12-20,-6.186105234
48,2018-12-20,-19.91042243
49,2018-12-20,-3.462229634
50,2018-12-20,24.29861146
51,2018-12-20,-19.0819953
52,2018-12-20,-12.33553806
53,2018-12-20,-15.1622851
54,2018-12-20,11.94389028
55,2018-12-20,-3.043552157
56,2018-12-20,-4.408069561
57,2018-12-20,-7.963591304
58,2018-12-20,-5.450271059
59,2018-12-20,-3.901669635
60,2018-12-20,12.97415587
61,2018-12-20,2.681605498
62,2018-12-20,1.355940027
63,2018-12-20,-2.350403998
64,2018-12-20,3.755398581
65,2018-12-20,2.169612143
66,2018-12-20,7.993943903
67,2018-12-20,-17.87245613
68,2018-12-20,-18.33432121
69,2018-12-20,-26.6442224
70,2018-12-20,2.604301396
71,2018-12-20,20.40076069
72,2018-12-20,0
73,2018-12-20,-9.52886399
74,2018-12-20,16.25158728
75,2018-12-21,-10.03400175
76,2018-12-21,-11.42613716
77,2018-12-21,7.431768378
78,2018-12-21,1.715461345
79,2018-12-21,-0.779132479
80,2018-12-21,9.235930375
81,2018-12-21,-0.741900709
82,2018-12-21,17.34263408
83,2018-12-21,-14.2565257
84,2018-12-21,-10.66501871
85,2018-12-21,8.559729439
86,2018-12-21,1
87,2018-12-21,-4.252682306
88,2018-12-21,1.686395292
89,2018-12-21,6.01684379
90,2018-12-21,-9.168963991
91,2018-12-21,1.016811028
92,2018-12-21,9.558999977
93,2018-12-21,-9.49568703
94,2018-12-21,-7.774101199
95,2018-12-21,-0.603022689
96,2018-12-21,-2.894664167
97,2018-12-21,-1.186551235
98,2018-12-21,5.200239591
99,2018-12-21,11.81691589
100,2018-12-21,-1.613249509
101,2018-12-21,1.751014721
102,2018-12-21,1.800964053
103,2018-12-21,13.3257577
104,2018-12-21,-16.76276934
105,2018-12-21,-11.98874765
106,2018-12-21,-16.81619997
107,2018-12-21,1
108,2018-12-21,1.800964053
109,2018-12-21,4.949226681
110,2018-12-21,1.065225289
111,2018-12-21,23.40341089
112,2018-12-21,5.545897593
113,2018-12-21,10.87674158
114,2018-12-21,17.81862066
115,2018-12-21,-26.54823298
116,2018-12-21,2.615620527
117,2018-12-21,-19.93388139
118,2018-12-21,14.9076608
119,2018-12-21,10.87252781
120,2018-12-21,21.2768458
121,2018-12-21,1.615620527
122,2018-12-21,-6.843473184
123,2018-12-21,-3.043552157
124,2018-12-21,25.40929281
125,2018-12-21,1.615620527
126,2018-12-21,-14.60403647
127,2018-12-21,1
128,2018-12-21,-0.428845014
129,2018-12-21,-10.38953958
130,2018-12-21,-12.34212224
131,2018-12-24,1.336896115
132,2018-12-24,-5
133,2018-12-24,-4
134,2018-12-24,-13.26920156
135,2018-12-24,18.8981177
136,2018-12-24,-10.1475081
137,2018-12-24,-0.700932202
138,2018-12-24,-23.2351983
139,2018-12-24,17.13996777
140,2018-12-24,-7.38217489
141,2018-12-24,-4.947942512
142,2018-12-24,-4.246116421
143,2018-12-24,-12.69120959
144,2018-12-24,6.569748561
145,2018-12-24,-2.917514903
146,2018-12-24,7.524684289
147,2018-12-24,15.11698987
148,2018-12-24,9.117113075
149,2018-12-24,20.94419586
150,2018-12-24,43.90582568
151,2018-12-24,29.40190799
152,2018-12-24,-23.41064911
153,2018-12-26,6.912685119
154,2018-12-26,4.517191213
155,2018-12-26,8.424813468
156,2018-12-26,12.15833019
157,2018-12-26,-8.411769101
158,2018-12-26,15.44777493
159,2018-12-26,21.44777493
160,2018-12-26,14.7404146
161,2018-12-26,-1.050709113
162,2018-12-26,-7.495280418
163,2018-12-26,-0.159589226
164,2018-12-26,11.61458192
165,2018-12-26,3.175147094
166,2018-12-26,-8.168246939
167,2018-12-26,-6.480162832
168,2018-12-26,-0.171572875
169,2018-12-26,-1.695140283
170,2018-12-26,0.604961713
171,2018-12-26,10.42985887
172,2018-12-26,28.39664549
173,2018-12-26,26.77611924
174,2018-12-26,7.733381106
175,2018-12-27,-17.35910653
176,2018-12-27,-13.90116188
177,2018-12-27,-8.584491976
178,2018-12-27,-8.167949706
179,2018-12-27,-0.510793782
180,2018-12-27,0.524372963
181,2018-12-27,0.524372963
182,2018-12-27,-5.94757594
183,2018-12-27,-21.09319097
184,2018-12-27,-21.10610563
185,2018-12-27,2.681544879
186,2018-12-27,-21.09319097
187,2018-12-27,20.44690858
188,2018-12-27,20.85219174
189,2018-12-27,28.54978528
190,2018-12-27,-18.35910653
191,2018-12-27,-14.58449198
192,2018-12-27,3.809185227
193,2018-12-27,11.75467025
194,2018-12-27,-1.540842453
195,2018-12-27,6.1102696
196,2018-12-27,1.180317764
197,2018-12-27,2.666147283
198,2018-12-27,16.12806551
199,2018-12-27,31.69242765
200,2018-12-27,-4.643826073
201,2018-12-27,-13.14913634
202,2018-12-27,-12.58449198
203,2018-12-27,-12.58449198
204,2018-12-27,1
205,2018-12-27,-9.517212451
206,2018-12-27,-13.14913634
207,2018-12-27,-11.58449198
208,2018-12-27,-11.58449198
209,2018-12-27,13.24005318
210,2018-12-27,-12.58449198
211,2018-12-27,2.056811637
212,2018-12-27,6.554101459
213,2018-12-27,6.114378927
214,2018-12-27,6.679124626
215,2018-12-27,3.389413755
216,2018-12-27,15.49340579
217,2018-12-27,27.39127485
218,2018-12-27,18.44777493
219,2018-12-27,9.876259665
220,2018-12-27,2.000436388
221,2018-12-28,-3.454341914
222,2018-12-28,-6.943064571
223,2018-12-28,-5.867245029
224,2018-12-28,4.373499548
225,2018-12-28,-4.643597563
226,2018-12-28,-4.465274583
227,2018-12-28,-8.652159819
228,2018-12-28,19.18852264
229,2018-12-28,22.68354652
230,2018-12-28,-8.231349925
231,2018-12-28,-1.884468313
232,2018-12-28,3
233,2018-12-28,-12.14913634
234,2018-12-28,3.280470564
235,2018-12-28,2.272259891
236,2018-12-28,8.858771337
237,2018-12-28,-7.976038305
238,2018-12-28,-9.20488294
239,2018-12-28,-10.60402308
240,2018-12-28,2.693779978
241,2018-12-28,-6.033626633
242,2018-12-28,1.549936126
243,2018-12-28,3.268548052
244,2018-12-28,-7.623701272
245,2018-12-28,4.764074372
246,2018-12-28,3.622237751
247,2018-12-28,29.22013357
248,2018-12-28,10.40250789
249,2018-12-28,2.786112415
250,2018-12-28,3.405563857
251,2018-12-28,15.15192942
252,2018-12-28,-17.35910653
253,2018-12-28,-2
254,2018-12-28,-19.35910653
255,2018-12-28,26.38203741
256,2018-12-28,-18.35910653
257,2018-12-28,-1.988320714
258,2018-12-28,-19.13312428
259,2018-12-31,25.2611016
260,2018-12-31,-8.645263157
261,2018-12-31,3.296703717
262,2018-12-31,1.915326323
263,2018-12-31,1.324033062
264,2018-12-31,10.63458756
265,2018-12-31,13.99032408
266,2018-12-31,30.35801769
267,2018-12-31,-7.76963317
268,2018-12-31,-4.021079248
269,2018-12-31,-2.486930264
270,2018-12-31,7.926415412
271,2018-12-31,-3.171997733
272,2018-12-31,-5.319446731
273,2018-12-31,-1.285653699
274,2018-12-31,18.69590121
275,2018-12-31,5.659420157
276,2018-12-31,41.25929733
277,2018-12-31,12.57821146
278,2018-12-31,27.73611029
279,2019-01-02,2.786860359
280,2019-01-02,-3.514678571
281,2019-01-02,-8.996466586
282,2019-01-02,-0.782362709
283,2019-01-02,-2.758797728
284,2019-01-02,-0.385351873
285,2019-01-02,-8.081863634
286,2019-01-02,-22.94130385
287,2019-01-02,0.422229105
288,2019-01-02,0.767349275
289,2019-01-02,-0.340245602
290,2019-01-02,-4.826747037
291,2019-01-02,-3
292,2019-01-02,2.241202272
293,2019-01-02,-1
294,2019-01-02,-8.4694357
295,2019-01-02,-11.10772146
296,2019-01-02,-2
297,2019-01-02,-3.716063642
298,2019-01-02,-5.785053682
299,2019-01-02,-1.785053682
300,2019-01-02,-7.722056315
301,2019-01-02,-5.783955
302,2019-01-02,-1.749983127
303,2019-01-02,-0.385351873
304,2019-01-02,-3.322943659
305,2019-01-02,-2.037242302
306,2019-01-02,-3.262939585
307,2019-01-02,-1.640477303
308,2019-01-02,-1.913708016
309,2019-01-02,-6
310,2019-01-02,22.44277579
311,2019-01-02,19.63413886
312,2019-01-02,9.733290611
313,2019-01-02,-0.637254021
314,2019-01-02,-2.456227189
315,2019-01-02,-2.858179886
316,2019-01-02,2.128522147
317,2019-01-02,-6.828427125
318,2019-01-02,5.866756429
319,2019-01-02,3.334449175
320,2019-01-02,14.34834803
321,2019-01-02,-6.828427125
322,2019-01-02,-7
323,2019-01-02,6.262577654
324,2019-01-02,-6.238563782
325,2019-01-02,15.68911184
326,2019-01-02,6.71446282
327,2019-01-02,1.451989727
328,2019-01-02,5.712084903
329,2019-01-02,-1.868051662
330,2019-01-02,0.596938893
331,2019-01-02,27.41766333
332,2019-01-02,23.55009204
333,2019-01-03,-2.11583807
334,2019-01-03,-0.655849318
335,2019-01-03,-3.428601049
336,2019-01-03,-7.416046121
337,2019-01-03,-10.07049649
338,2019-01-03,-5.794683697
339,2019-01-03,1.924309001
340,2019-01-03,-24.37455764
341,2019-01-03,-8.317317447
342,2019-01-03,-9.766379661
343,2019-01-03,-7.884468313
344,2019-01-03,-6.104953454
345,2019-01-03,-10.22855628
346,2019-01-03,-9.923133507
347,2019-01-03,-3.803156271
348,2019-01-03,-13.18431855
349,2019-01-03,-25.77739101
350,2019-01-03,-7.104953454
351,2019-01-03,-2.807696669
352,2019-01-03,-1.690957369
353,2019-01-03,-9.766379661
354,2019-01-03,-31.29411312
355,2019-01-03,-4.728612817
356,2019-01-03,-5.658355558
357,2019-01-03,2.277490185
358,2019-01-03,-3.984563327
359,2019-01-03,-6.284856011
360,2019-01-03,-8.113569439
361,2019-01-03,-2.895467747
362,2019-01-03,-22.54964383
363,2019-01-03,-11.94492678
364,2019-01-03,-6.093372746
365,2019-01-03,-6.288557552
366,2019-01-03,-15.47076626
367,2019-01-03,-1.455736542
368,2019-01-03,3.7184195
369,2019-01-03,-16.20123759
370,2019-01-03,-1.927458239
371,2019-01-03,1.902453253
372,2019-01-03,-19.4570625
373,2019-01-03,-4.182364449
374,2019-01-03,-1.984318608
375,2019-01-03,-1.608074045
376,2019-01-03,-4.513806388
377,2019-01-03,-3.565523659
378,2019-01-03,-7.149076155
379,2019-01-03,-7.648457555
380,2019-01-03,-16.07341968
381,2019-01-03,-16.10075141
382,2019-01-03,-19.57227161
383,2019-01-03,-2.297928262
384,2019-01-03,-35.93242594
385,2019-01-03,-17.76000295
386,2019-01-03,7.243348887
387,2019-01-03,-33.51785619
388,2019-01-03,-9.090103713
389,2019-01-03,-4.365500938
390,2019-01-03,-17.12361999
391,2019-01-03,-32.45302601
392,2019-01-03,0.775286085
393,2019-01-03,-6.613352854
394,2019-01-03,1.158506453
395,2019-01-03,-13.27350263
396,2019-01-03,-4.337125392
397,2019-01-03,-23.14381406
398,2019-01-03,-24.0119883
399,2019-01-03,-0.840404157
400,2019-01-03,-4.566602313
401,2019-01-03,-1.52472412
402,2019-01-03,-0.840404157
403,2019-01-03,-11.89506122
404,2019-01-03,-13.56838275
405,2019-01-03,-1.488059152
406,2019-01-03,0.573769152
407,2019-01-03,-1.131632744
408,2019-01-03,-17.58379645
409,2019-01-03,-3.964962829
410,2019-01-03,-2
411,2019-01-03,-7.207865507
412,2019-01-03,-3.09015438
413,2019-01-03,-12.63782814
414,2019-01-03,-5.505018052
415,2019-01-03,0.743569624
416,2019-01-03,-6.288409483
417,2019-01-03,3.830924888
418,2019-01-03,1.937138922
419,2019-01-03,0.055043482
420,2019-01-03,-31.01045061
421,2019-01-03,-3.746999095
422,2019-01-03,-5.116845175
423,2019-01-03,0.743569624
424,2019-01-03,-15.42375339
425,2019-01-03,5.398949101
426,2019-01-03,-22.90684599
427,2019-01-03,-1.715422521
428,2019-01-03,-18.71545456
429,2019-01-03,-0.206584134
430,2019-01-03,-4.605414839
431,2019-01-03,11.67360111
432,2019-01-03,-21.20726793
433,2019-01-04,0.263776038
434,2019-01-04,-12.95331156
435,2019-01-04,-12.11218525
436,2019-01-04,-12.70480654
437,2019-01-04,-3.306518275
438,2019-01-04,-18.1301453
439,2019-01-04,-9.746584475
440,2019-01-04,-9.982403778
441,2019-01-04,-2.041134711
442,2019-01-04,-6.415954366
443,2019-01-04,-1.676407549
444,2019-01-04,0.502679483
445,2019-01-04,-13.77864546
446,2019-01-04,2.373499548
447,2019-01-04,3.373499548
448,2019-01-04,1.367588616
449,2019-01-04,-8.389679229
450,2019-01-04,-7.415954366
451,2019-01-04,11.65594321
452,2019-01-04,-8.094201784
453,2019-01-04,-6.117607722
454,2019-01-04,9.982547475
455,2019-01-04,10.09220382
456,2019-01-04,12.75273613
457,2019-01-04,-3.541175022
458,2019-01-04,1.290609377
459,2019-01-04,11.02231423
460,2019-01-04,9.617726636
461,2019-01-04,8.476776396
462,2019-01-04,0.638142695
463,2019-01-04,23.45270182
464,2019-01-04,-16.34070653
465,2019-01-04,5.320418894
466,2019-01-04,4.672876281
467,2019-01-04,-17.61240304
468,2019-01-04,-2.435459895
469,2019-01-04,-9.480390701
470,2019-01-04,2.449904589
471,2019-01-04,-25.75593081
472,2019-01-04,-5.99550566
473,2019-01-04,-6.149348269
474,2019-01-04,6.338630546
475,2019-01-04,-6.976307566
476,2019-01-04,-45.96950699
477,2019-01-04,-5.115476027
478,2019-01-04,-7.976307566
479,2019-01-04,-3.61106378
480,2019-01-04,-0.777352747
481,2019-01-04,34.75176337
482,2019-01-04,-11.72067838
483,2019-01-04,-2.641052874
484,2019-01-04,0.502679483
485,2019-01-04,-17.04823198
486,2019-01-04,4
487,2019-01-04,-12.73723129
488,2019-01-04,4
489,2019-01-04,-0.176299854
490,2019-01-04,20.51038964
491,2019-01-04,-5.006107844
492,2019-01-04,-30.13906124
493,2019-01-04,-30.94981288
494,2019-01-04,9.752736125
495,2019-01-04,0.657109542
496,2019-01-04,-12.52058505
497,2019-01-04,6.393448707
498,2019-01-04,2.815798743
499,2019-01-04,-14.84692066
500,2019-01-04,1
501,2019-01-04,3.192472715
502,2019-01-04,-2.948699975
503,2019-01-04,6.035337284
504,2019-01-04,-3.254572042
505,2019-01-04,-0.928503904
506,2019-01-04,-3.594436143
507,2019-01-04,-4.184949559
508,2019-01-04,0.240796475
509,2019-01-04,-3.035975162
510,2019-01-04,6.456289964
511,2019-01-04,9.309452397
512,2019-01-04,21.11922488
513,2019-01-04,-13.22094205
514,2019-01-04,-4.670742345
515,2019-01-04,-2.992376099
516,2019-01-04,-15.72330666
517,2019-01-04,-14.40963788
518,2019-01-04,-21.174406
519,2019-01-04,-4.478955095
520,2019-01-04,-19.79561464
521,2019-01-04,18.54105099
522,2019-01-04,-16.68008295
523,2019-01-04,-15.20563905
524,2019-01-04,-16.40041888
525,2019-01-04,-4.154052037
526,2019-01-04,-19.16009861
527,2019-01-04,-17.53230883
528,2019-01-04,12.49986874
529,2019-01-04,4.752736125
530,2019-01-04,-3.101153604
531,2019-01-04,-8.553664121
532,2019-01-04,-8.593658227
533,2019-01-07,-8.856666305
534,2019-01-07,-28.51448766
535,2019-01-07,-13.79865004
536,2019-01-07,9.426468022
537,2019-01-07,-3.700652568
538,2019-01-07,-8.542620877
539,2019-01-07,11.55332092
540,2019-01-07,-10.13284133
541,2019-01-07,17.10461549
542,2019-01-07,-0.405059996
543,2019-01-07,15.37587831
544,2019-01-07,2
545,2019-01-07,-24.55144548
546,2019-01-07,-12.75285456
547,2019-01-07,-12.88837586
548,2019-01-07,2
549,2019-01-07,25.7560378
550,2019-01-07,29.26422593
551,2019-01-07,10.55695721
552,2019-01-07,10.60713767
553,2019-01-07,12.26051605
554,2019-01-07,-0.422649731
555,2019-01-07,22.09194308
556,2019-01-07,-12.2091535
557,2019-01-07,17.22794106
558,2019-01-07,-25.6003693
559,2019-01-07,-11.25689743
560,2019-01-07,4.71361056
561,2019-01-07,-6.003141955
562,2019-01-07,5.295474287
563,2019-01-07,12.25735884
564,2019-01-07,16.86791473
565,2019-01-07,12.75273613
566,2019-01-07,9.42366752
567,2019-01-07,1.732050808
568,2019-01-07,39.01648718
569,2019-01-07,0.177775241
570,2019-01-07,-12.57924393
571,2019-01-07,7.490251935
572,2019-01-07,5.827516082
573,2019-01-07,16.07080874
574,2019-01-07,12.60937408
575,2019-01-07,6.924309001
576,2019-01-07,3.752736125
577,2019-01-07,7.009453958
578,2019-01-07,15.56498027
579,2019-01-07,4.609755314
580,2019-01-07,8.979235144
581,2019-01-07,5.124947929
582,2019-01-07,3.594087635
583,2019-01-07,1.088126416
584,2019-01-07,9.900475108
585,2019-01-07,12.3257577
586,2019-01-07,-6.027198647
587,2019-01-07,8.760410855
588,2019-01-07,-0.913349522
589,2019-01-07,17.88219153
590,2019-01-07,-7.027198647
591,2019-01-07,-2.205037098
592,2019-01-07,-14.52190838
593,2019-01-07,6.693245626
594,2019-01-07,17.32850241
595,2019-01-07,8.378226526
596,2019-01-07,11.54308874
597,2019-01-07,8.004726979
598,2019-01-07,12.64834927
599,2019-01-07,2.947175962
600,2019-01-07,13.73610736
601,2019-01-07,10.20609839
602,2019-01-07,35.11097451
603,2019-01-07,23.6994725
604,2019-01-07,-3.004726979
605,2019-01-07,-14.34722743
606,2019-01-07,-1.803830597
607,2019-01-07,1
608,2019-01-07,2.774549963
609,2019-01-07,3.774549963
610,2019-01-07,1
611,2019-01-07,2.774549963
612,2019-01-08,1
613,2019-01-08,3.620564816
614,2019-01-08,0.081679916
615,2019-01-08,0.768936626
616,2019-01-08,1.72405589
617,2019-01-08,1
618,2019-01-08,-17.20237045
619,2019-01-08,-0.247889034
620,2019-01-08,0.37805211
621,2019-01-08,-10.34541036
622,2019-01-08,1.12577179
623,2019-01-08,1.815643814
624,2019-01-08,3.12577179
625,2019-01-08,4.605051717
626,2019-01-08,-0.581632903
627,2019-01-08,10.28314297
628,2019-01-08,-4.459196826
629,2019-01-08,-2.109623799
630,2019-01-08,-0.590513416
631,2019-01-08,-13.51088244
632,2019-01-08,-19.84741674
633,2019-01-08,-4.354914402
634,2019-01-08,3.539985353
635,2019-01-08,-0.260059458
636,2019-01-08,-1.459725769
637,2019-01-08,-23.52798866
638,2019-01-08,-20.52798866
639,2019-01-08,-1.250224719
640,2019-01-08,-3.02590881
641,2019-01-08,6.17658813
642,2019-01-08,-0.51575532
643,2019-01-08,-1.821482068
644,2019-01-08,-0.821482068
645,2019-01-08,10.59236971
646,2019-01-08,30.58543704
647,2019-01-08,1.227390882
648,2019-01-08,0.047719753
649,2019-01-08,16.64637782
650,2019-01-08,1.227390882
651,2019-01-08,-6
652,2019-01-08,0.661326558
653,2019-01-08,-1.543100184
654,2019-01-08,-12.04327283
655,2019-01-08,9.712876281
656,2019-01-08,0.369230769
657,2019-01-08,0.813903067
658,2019-01-08,1.044158534
659,2019-01-08,-0.191356185
660,2019-01-08,-6.388102811
661,2019-01-08,-7.588089747
662,2019-01-08,0.661326558
663,2019-01-08,-0.072905862
664,2019-01-08,-1.607915307
665,2019-01-08,0.898458243
666,2019-01-08,7.17658813
667,2019-01-08,-10.2091535
668,2019-01-08,-0.666683384
669,2019-01-08,-5.791603091
670,2019-01-08,-10.14648133
671,2019-01-08,11.62744341
672,2019-01-08,0.366435856
673,2019-01-08,15.03190724
674,2019-01-08,22.35995864
675,2019-01-08,3.870128639
676,2019-01-08,4.150808019
677,2019-01-08,10.05208466
678,2019-01-08,22.89404568
679,2019-01-08,13.43065591
680,2019-01-08,5.629815545
681,2019-01-08,18.65897095
682,2019-01-08,15.65559629
683,2019-01-08,-6.082366017
684,2019-01-08,15.79807405
685,2019-01-08,6.488384499
686,2019-01-08,15.65685425
687,2019-01-08,12.41315722
688,2019-01-08,4.044400471
689,2019-01-08,12.17288201
690,2019-01-08,26.07253704
691,2019-01-08,34.86425254
692,2019-01-08,4.028232908
693,2019-01-09,-4.952270144
694,2019-01-09,5.702371675
695,2019-01-09,2.930824153
696,2019-01-09,3.904288063
697,2019-01-09,17.03436673
698,2019-01-09,-2
699,2019-01-09,11.2047743
700,2019-01-09,13.14443491
701,2019-01-09,-3.374517845
702,2019-01-09,-10.90739802
703,2019-01-09,8.243024357
704,2019-01-09,10.99445904
705,2019-01-09,-2.698576119
706,2019-01-09,10.19681517
707,2019-01-09,-6.646571201
708,2019-01-09,-3.331372621
709,2019-01-09,-21.38853778
710,2019-01-09,1.077631812
711,2019-01-09,1
712,2019-01-09,-13.44113707
713,2019-01-09,6.493157457
714,2019-01-09,-1.788320472
715,2019-01-09,-0.591392727
716,2019-01-09,2.195813186
717,2019-01-09,-5.589527398
718,2019-01-09,3.109972679
719,2019-01-09,6.781802178
720,2019-01-09,15.93488193
721,2019-01-09,-2.648567923
722,2019-01-09,1.394971665
723,2019-01-09,-3.00374096
724,2019-01-09,-1.374517845
725,2019-01-09,-7.386141673
726,2019-01-09,-0.338673442
727,2019-01-09,-9.071220608
728,2019-01-09,-11.02603264
729,2019-01-09,-6.73286074
730,2019-01-09,-3.00374096
731,2019-01-09,10.60757404
732,2019-01-09,-5.589527398
733,2019-01-09,-5.733725697
734,2019-01-09,17.72557834
735,2019-01-09,-6.646571201
736,2019-01-09,-6.646571201
737,2019-01-09,-6.646571201
738,2019-01-09,0
739,2019-01-09,3.414213562
740,2019-01-09,15.34621024
741,2019-01-09,8.824071297
742,2019-01-09,-5.52974525
743,2019-01-09,9.735006383
744,2019-01-09,8.987517561
745,2019-01-09,-3.6726994
746,2019-01-09,4.150808019
747,2019-01-09,0.677884179
748,2019-01-09,-3.589527398
749,2019-01-09,8.275742149
750,2019-01-09,10.01178584
751,2019-01-09,8.924309001
752,2019-01-09,38.07737981
753,2019-01-09,-2.374517845
754,2019-01-09,7.933376148
755,2019-01-09,-5.589527398
756,2019-01-09,5.851735633
757,2019-01-09,4.180404097
758,2019-01-09,-5.589527398
759,2019-01-09,1.124947929
760,2019-01-09,-2.746999095
761,2019-01-09,9.139460709
762,2019-01-09,-3.12151694
763,2019-01-09,-5.589527398
764,2019-01-09,-5.589527398
765,2019-01-09,1
766,2019-01-09,-6.462118557
767,2019-01-09,6.933376148
768,2019-01-09,7.194307526
769,2019-01-09,-4.625383881
770,2019-01-09,1.389016593
771,2019-01-09,3.796243215
772,2019-01-09,-5.589527398
773,2019-01-09,-4.357032121
774,2019-01-09,-6.160396337
775,2019-01-09,-3.056383282
776,2019-01-09,9.536144024
777,2019-01-09,-5.589527398
778,2019-01-09,-3.056383282
779,2019-01-09,-4.2053023
780,2019-01-09,-5
781,2019-01-09,-2.825225735
782,2019-01-09,1
783,2019-01-09,-4.162358065
784,2019-01-09,-4.162358065
785,2019-01-09,-19.77741777
786,2019-01-09,-3.719487166
787,2019-01-09,-2.746999095
788,2019-01-09,-3.056383282
789,2019-01-09,29.79890626
790,2019-01-09,-3.332785533
791,2019-01-09,-3.841023758
792,2019-01-10,10.76234802
793,2019-01-10,-2.853799403
794,2019-01-10,-13.44113707
795,2019-01-10,5.319518184
796,2019-01-10,-14.44113707
797,2019-01-10,11.10001129
798,2019-01-10,-2.229212762
799,2019-01-10,4.300756059
800,2019-01-10,9.813591874
801,2019-01-10,7.074662222
802,2019-01-10,-2
803,2019-01-10,-0.796601612
804,2019-01-10,0.281814
805,2019-01-10,0.770787238
806,2019-01-10,-3.422210405
807,2019-01-10,5.490071146
808,2019-01-10,24.5007433
809,2019-01-10,1.770787238
810,2019-01-10,0
811,2019-01-10,7.047137603
812,2019-01-10,32.89587707
813,2019-01-10,15.72279564
814,2019-01-10,17.54578316
815,2019-01-10,23.67005775
816,2019-01-10,-2.010701835
817,2019-01-10,6.650405263
818,2019-01-10,-2.746999095
819,2019-01-10,1.115694311
820,2019-01-10,15.25772294
821,2019-01-10,11.05965312
822,2019-01-10,10.11083457
823,2019-01-10,13.42259156
824,2019-01-10,19.82774529
825,2019-01-10,-5.575609282
826,2019-01-10,27.42970045
827,2019-01-10,-11.71217137
828,2019-01-10,-4.374517845
829,2019-01-10,1
830,2019-01-11,-4.646156914
831,2019-01-11,1.277426533
832,2019-01-11,1.307666089
833,2019-01-11,0.334128307
834,2019-01-11,0
835,2019-01-11,3.414213562
836,2019-01-11,1.307666089
837,2019-01-11,2.99736985
838,2019-01-11,3.414213562
839,2019-01-11,3.414213562
840,2019-01-11,3.414213562
841,2019-01-11,-12.07080401
842,2019-01-11,-10.16993707
843,2019-01-11,14.53513121
844,2019-01-11,-1.645486597
845,2019-01-11,1.617758457
846,2019-01-11,16.50927211
847,2019-01-11,-5.565972262
848,2019-01-11,-6.589527398
849,2019-01-11,11.64233933
850,2019-01-11,-5.565972262
851,2019-01-11,2.198448968
852,2019-01-11,10.92795582
853,2019-01-11,-3.585786438
854,2019-01-11,-5.565972262
855,2019-01-11,18.16843248
856,2019-01-11,-7.21540926
857,2019-01-11,-7.21540926
858,2019-01-11,18.33491036
859,2019-01-11,-3.585786438
860,2019-01-11,-4.768473387
861,2019-01-11,-15.61528534
862,2019-01-11,19.59272656
863,2019-01-11,-5.725716842
864,2019-01-11,26.55497828
865,2019-01-11,1
866,2019-01-11,-5.565972262
867,2019-01-11,-0.94950022
868,2019-01-11,-5.565972262
869,2019-01-11,1
870,2019-01-11,-3.663103885
871,2019-01-11,-1.783126663
872,2019-01-11,16.80777879
873,2019-01-11,7.937511078
874,2019-01-11,-2
875,2019-01-11,-2.722594384
876,2019-01-11,-2
877,2019-01-11,2.795421547
878,2019-01-11,9.260159287
879,2019-01-11,4.860474636
880,2019-01-11,-19.59743418
881,2019-01-11,29.27413642
882,2019-01-11,7.047137603
883,2019-01-11,21.4360679
884,2019-01-11,16.84380099
885,2019-01-11,-10.6465712
886,2019-01-11,0.592947059
887,2019-01-11,1
888,2019-01-11,1.412612867
889,2019-01-11,2.536474129
890,2019-01-14,2.070411725
891,2019-01-14,3.777429888
892,2019-01-14,0.423001952
893,2019-01-14,-3.585786438
894,2019-01-14,-5.579351368
895,2019-01-14,-3.998154556
896,2019-01-14,-7.608228103
897,2019-01-14,17.30892008
898,2019-01-14,30.51115609
899,2019-01-14,29.46836904
900,2019-01-14,-2.781387195
901,2019-01-14,-4.957594651
902,2019-01-14,1.802709895
903,2019-01-14,24.71651022
904,2019-01-14,23.39876126
905,2019-01-14,-8.619011481
906,2019-01-14,-0.465091498
907,2019-01-14,22.800993
908,2019-01-14,36.4370112
909,2019-01-14,2
910,2019-01-14,0
911,2019-01-14,-9.128901717
912,2019-01-14,0
913,2019-01-14,-3.663103885
914,2019-01-14,22.69126493
915,2019-01-14,21.95220846
916,2019-01-14,17.37363082
917,2019-01-14,-8.389719571
918,2019-01-14,16.09193456
919,2019-01-14,-16.55477483
920,2019-01-14,1.163546318
921,2019-01-14,3.216812742
922,2019-01-14,18.39499776
923,2019-01-14,1.709951947
924,2019-01-14,4.730414037
925,2019-01-14,-5.72839005
926,2019-01-14,43.79569428
927,2019-01-14,1.277426533
928,2019-01-14,8.668393745
929,2019-01-14,-7.398691627
930,2019-01-15,0.450834817
931,2019-01-15,3.577674336
932,2019-01-15,4.849433745
933,2019-01-15,-5.71671191
934,2019-01-15,5.775094322
935,2019-01-15,1.414213562
936,2019-01-15,3.598994063
937,2019-01-15,1
938,2019-01-15,-9.857084983
939,2019-01-15,18.48652376
940,2019-01-15,-4.937298952
941,2019-01-15,23.44100923
942,2019-01-15,10.25713944
943,2019-01-15,0.614362587
944,2019-01-15,1
945,2019-01-15,3.598994063
946,2019-01-15,-6.880545684
947,2019-01-15,2.1847805
948,2019-01-15,3.598994063
949,2019-01-15,4.849433745
950,2019-01-15,1.894769936
951,2019-01-15,0.480556374
952,2019-01-15,2.1847805
953,2019-01-15,30.43618313
954,2019-01-15,12.65241898
955,2019-01-15,9.440026638
956,2019-01-15,-1.511865021
957,2019-01-15,-14.6774738
958,2019-01-15,-6.938359082
959,2019-01-15,-10.39952193
960,2019-01-15,11.80343745
961,2019-01-15,26.69729567
962,2019-01-15,-1.790625304
963,2019-01-15,-6.608228103
964,2019-01-15,1.889670511
965,2019-01-15,17.98440516
966,2019-01-15,-6.837122058
967,2019-01-15,1.388707578
968,2019-01-15,-5.431870314
969,2019-01-15,17.73307372
970,2019-01-15,8.520947666
971,2019-01-15,3.664562687
972,2019-01-15,3.947495315
973,2019-01-15,0.741185687
974,2019-01-15,17.03641094
975,2019-01-15,-2.112661787
976,2019-01-15,-5.60084657
977,2019-01-15,-5.60084657
978,2019-01-15,11.09819123
979,2019-01-15,17.97687032
980,2019-01-15,5.414213562
981,2019-01-15,14.98917045
982,2019-01-15,-21.93831222
983,2019-01-15,21.90059267
984,2019-01-15,-13.85726932
985,2019-01-15,-14.37103461
986,2019-01-15,22.0774593
987,2019-01-15,-20.65752322
988,2019-01-16,-4.199295598
989,2019-01-16,-3.563621107
990,2019-01-16,-3
991,2019-01-16,-2.828427125
992,2019-01-16,8.233263494
993,2019-01-16,-2.390559895
994,2019-01-16,-1
995,2019-01-16,-1
996,2019-01-16,-1.027111045
997,2019-01-16,-2.563621107
998,2019-01-16,-1.282235462
999,2019-01-16,-14.805328
1000,2019-01-16,-0.585786438
1001,2019-01-16,9.945738512
1002,2019-01-16,4.03292844
1003,2019-01-16,22.86916592
1004,2019-01-16,1.71600098
1005,2019-01-16,-0.422649731
1006,2019-01-16,0
1007,2019-01-16,1.972787848
1008,2019-01-16,-14.06522653
1009,2019-01-16,4.544428105
1010,2019-01-16,11.08570332
1011,2019-01-16,1.314623778
1012,2019-01-16,7.227964873
1013,2019-01-16,-3.499661309
1014,2019-01-16,0.010159091
1015,2019-01-16,-7.180312423
1016,2019-01-16,-0.215535459
1017,2019-01-16,35.16436244
1018,2019-01-16,6.930055038
1019,2019-01-16,27.51134018
1020,2019-01-16,2.414213562
1021,2019-01-16,15.76385775
1022,2019-01-16,30.42030347
1023,2019-01-16,1.993315042
1024,2019-01-16,-5.938359082
1025,2019-01-16,21.4048781
1026,2019-01-16,65.8619724
1027,2019-01-16,7.355641079
1028,2019-01-16,17.2571393
1029,2019-01-16,-0.190544923
1030,2019-01-16,-1
1031,2019-01-16,5.366435856
1032,2019-01-16,7.541434921
1033,2019-01-16,-13.06522653
1034,2019-01-16,3.678216225
1035,2019-01-16,-9.115899296
1036,2019-01-16,14.70103552
1037,2019-01-16,9.688578584
1038,2019-01-16,8.105418279
1039,2019-01-16,20.23643191
1040,2019-01-16,19.98661339
1041,2019-01-16,26.53626808
1042,2019-01-16,21.82651482
1043,2019-01-16,-9.202632052
1044,2019-01-16,-6.383658885
1045,2019-01-16,5.612136667
1046,2019-01-16,11.9320635
1047,2019-01-16,1.806677704
1048,2019-01-16,-8.847127671
1049,2019-01-16,3.598994063
1050,2019-01-16,6.560477932
1051,2019-01-16,24.62217471
1052,2019-01-16,0
1053,2019-01-16,3.598994063
1054,2019-01-16,-6.938359082
1055,2019-01-16,5.170111216
1056,2019-01-16,1.654287102
1057,2019-01-16,6.93397748
1058,2019-01-16,7.974691495
1059,2019-01-16,7.560477932
1060,2019-01-16,7.245301885
1061,2019-01-16,7.14626437
1062,2019-01-17,-3.563621107
1063,2019-01-17,-10.33049738
1064,2019-01-17,1.414213562
1065,2019-01-17,-4.334515897
1066,2019-01-17,-8.596330536
1067,2019-01-17,6.626427008
1068,2019-01-17,-4.809337216
1069,2019-01-17,-3.972970371
1070,2019-01-17,9.475342102
1071,2019-01-17,-17.29350338
1072,2019-01-17,-3.383021274
1073,2019-01-17,5.319027975
1074,2019-01-17,8.07019917
1075,2019-01-17,10.02617007
1076,2019-01-17,-3.856751983
1077,2019-01-17,-6.840871893
1078,2019-01-17,15.54512611
1079,2019-01-17,34.95102297
1080,2019-01-17,20.79385609
1081,2019-01-17,-1.563621107
1082,2019-01-17,33.13015056
1083,2019-01-17,-2.174736361
1084,2019-01-17,30.35898327
1085,2019-01-17,-0.312347524
1086,2019-01-17,-0.282209667
1087,2019-01-17,4.414213562
1088,2019-01-17,6.225017843
1089,2019-01-17,-0.585223614
1090,2019-01-17,11.52884944
1091,2019-01-17,-4
1092,2019-01-17,6.811546698
1093,2019-01-17,4.414213562
1094,2019-01-17,-5.762390696
1095,2019-01-17,-5.590513416
1096,2019-01-17,-3.828427125
1097,2019-01-17,-3.88106729
1098,2019-01-17,22.8571681
1099,2019-01-17,0.450834817
1100,2019-01-17,25.6651067
1101,2019-01-17,7.97291557
1102,2019-01-17,-2
1103,2019-01-17,13.81391221
1104,2019-01-17,3
1105,2019-01-17,15.57968132
1106,2019-01-17,23.38399497
1107,2019-01-17,24.74642748
1108,2019-01-17,2.630924641
1109,2019-01-17,10.4753421
1110,2019-01-17,16.52877336
1111,2019-01-17,16.76139333
1112,2019-01-17,2.121571487
1113,2019-01-17,5.5367635
1114,2019-01-17,1.693779978
1115,2019-01-17,-3.50455312
1116,2019-01-17,11.98265954
1117,2019-01-17,13.96800378
1118,2019-01-17,0.800704402
1119,2019-01-17,-9.168147016
1120,2019-01-17,-10.33049738
1121,2019-01-17,8.999756343
1122,2019-01-17,12.81179293
1123,2019-01-17,-1.818973167
1124,2019-01-17,-9.21835289
1125,2019-01-17,-5.21835289
1126,2019-01-17,29.16578916
1127,2019-01-17,-1.916808423
1128,2019-01-17,-10.33049738
1129,2019-01-17,-10.33049738
1130,2019-01-17,0.91307764
1131,2019-01-17,-8.18678907
1132,2019-01-17,-2.828427125
1133,2019-01-17,-3.563621107
1134,2019-01-17,35.52582976
1135,2019-01-17,0.527522877
1136,2019-01-17,17.07049095
1137,2019-01-17,23.7253031
1138,2019-01-17,-3.51488409
1139,2019-01-17,18.00448136
1140,2019-01-17,-0.828427125
1141,2019-01-17,-3
1142,2019-01-18,25.41750134
1143,2019-01-18,9.082512856
1144,2019-01-18,-22.98571103
1145,2019-01-18,10.08251286
1146,2019-01-18,0
1147,2019-01-18,0.115531687
1148,2019-01-18,-5.047141425
1149,2019-01-18,-1.787627629
1150,2019-01-18,1
1151,2019-01-18,-5.534626724
1152,2019-01-18,-5.16853442
1153,2019-01-18,-5.086998043
1154,2019-01-18,-21.95628261
1155,2019-01-18,-9.006726349
1156,2019-01-18,-3.59290989
1157,2019-01-18,-4.386984551
1158,2019-01-18,-0.788479571
1159,2019-01-18,-4.086998043
1160,2019-01-18,7.04531028
1161,2019-01-18,14.29955724
1162,2019-01-18,3.461319286
1163,2019-01-18,11.20553634
1164,2019-01-18,19.79431959
1165,2019-01-18,23.9082375
1166,2019-01-18,-4.156701521
1167,2019-01-18,0.414213562
1168,2019-01-18,-5.809354969
1169,2019-01-18,2.42366752
1170,2019-01-18,-6.156701521
1171,2019-01-18,0.427698763
1172,2019-01-18,0.427698763
1173,2019-01-18,23.31493603
1174,2019-01-18,11.48887578
1175,2019-01-18,-1.747287898
1176,2019-01-18,1.110870784
1177,2019-01-18,-9.972842036
1178,2019-01-18,8.392661415
1179,2019-01-18,14.10387191
1180,2019-01-18,14.64856581
1181,2019-01-18,17.03412176
1182,2019-01-18,19.93676453
1183,2019-01-18,-2.538520987
1184,2019-01-18,-2.74924574
1185,2019-01-18,19.97126143
1186,2019-01-18,11.51057968
1187,2019-01-18,-4.74703284
1188,2019-01-18,12.69285759
1189,2019-01-18,4.065663062
1190,2019-01-18,14.02052061
1191,2019-01-18,11.99850905
1192,2019-01-18,12.71896302
1193,2019-01-18,-8.168147016
1194,2019-01-18,30.83618183
1195,2019-01-18,25.64924478
1196,2019-01-18,13.07374643
1197,2019-01-18,15.07596038
1198,2019-01-18,44.02720078
1199,2019-01-18,20.5870528
1200,2019-01-18,6.169973664
1201,2019-01-18,-1
1202,2019-01-18,-6.18678907
1203,2019-01-18,-3.659869089
1204,2019-01-18,1.414213562
1205,2019-01-18,-9.298933558
1206,2019-01-18,1.445883358
1207,2019-01-18,-0.913016511
1208,2019-01-18,0.20410969
