,Date,Company,COD_Price,Avr_sentiment,Sum_sentiment
0,2017-01-23,Apple,0.067,-2.8825920084000005,-28.825920084000003
1,2017-01-24,Apple,-0.092,-3.9877253789,-39.877253789
2,2017-01-25,Apple,1.5919999999999999,-3.2380960879000007,-32.38096087900001
3,2017-01-26,Apple,0.049,-10.2423220809,-102.423220809
4,2017-01-27,Apple,0.008,1.7010282396666663,10.206169437999998
5,2017-01-30,Apple,-0.262,2.2566562003333335,6.769968601
6,2017-01-31,Apple,-0.23,-3.7317826128,-37.317826128
7,2017-02-01,Apple,6.098,1.2205798297000001,12.205798297000001
8,2017-02-02,Apple,-0.171,2.1445974304,21.445974304
9,2017-02-03,Apple,0.428,1.2652577829,12.652577829
10,2017-02-06,Apple,0.937,-0.6796346633000001,-6.796346633000001
11,2017-02-07,Apple,0.9520000000000001,1.7611940135000002,7.044776054000001
12,2017-02-08,Apple,0.38799999999999996,6.191500206500001,12.383000413000001
13,2017-02-09,Apple,0.723,-5.503004028714286,-38.521028201
14,2017-02-10,Apple,-0.22699999999999998,-7.240208284,-14.480416568
15,2017-02-13,Apple,0.8859999999999999,6.616263053900001,66.162630539
16,2017-02-14,Apple,1.298,3.3081923297,33.081923297
17,2017-02-15,Apple,0.363,0.9357077616,9.357077616
18,2017-02-16,Apple,-0.122,-6.648948700428572,-46.542640903000006
19,2017-02-17,Apple,0.27699999999999997,1.1943031682,11.943031682
20,2017-02-21,Apple,0.722,0.7619305767777778,6.857375191
21,2017-02-22,Apple,0.3,3.2731005645714286,22.911703952
22,2017-02-23,Apple,-0.423,3.793791744714286,26.556542213
23,2017-02-24,Apple,0.095,1.77211792325,7.088471693
24,2017-02-27,Apple,0.198,2.6578217077999993,26.578217077999994
25,2017-02-28,Apple,0.044000000000000004,1.3975105889,13.975105888999998
26,2017-03-01,Apple,2.044,2.1062148855,8.424859542
27,2017-03-02,Apple,-0.594,4.761890234,19.047560936
28,2017-03-03,Apple,0.59,2.099772447,4.199544894
29,2017-03-06,Apple,-0.315,-2.8753662757142857,-20.12756393
30,2017-03-07,Apple,0.129,-0.9096465850000003,-2.7289397550000007
31,2017-03-08,Apple,-0.373,-1.3881870464999997,-2.7763740929999994
32,2017-03-09,Apple,-0.23,0.5587754810000001,5.028979329000001
33,2017-03-10,Apple,0.332,15.526150138,31.052300276
34,2017-03-13,Apple,0.043,3.5238739045000003,7.0477478090000005
35,2017-03-14,Apple,-0.151,-7.9818369335,-15.963673867
36,2017-03-15,Apple,1.058,-2.968438217333333,-8.905314652
37,2017-03-16,Apple,0.16399999999999998,-6.692305557,-13.384611114
38,2017-03-17,Apple,-0.498,4.057485282625,32.459882261
39,2017-03-20,Apple,1.05,-1.2752984329000001,-12.752984329
40,2017-03-21,Apple,-1.145,2.905372380222222,26.148351421999998
41,2017-03-22,Apple,1.13,0.9674661237999999,9.674661237999999
42,2017-03-23,Apple,-0.354,13.15117809325,52.604712373
43,2017-03-24,Apple,-0.19899999999999998,2.0286428108,10.143214054000001
44,2017-03-27,Apple,0.171,4.563432182666667,13.690296548000001
45,2017-03-28,Apple,2.073,1.9531913451666665,11.719148071
46,2017-03-29,Apple,0.223,5.494261024,32.965566144
47,2017-03-30,Apple,-0.132,4.488002123166667,26.928012739
48,2017-03-31,Apple,-0.188,-1.1258611304,-11.258611303999999
49,2017-04-03,Apple,0.027999999999999997,1.6673019276,16.673019276
50,2017-04-04,Apple,0.745,-0.8611137963333332,-5.166682777999999
51,2017-04-05,Apple,-0.518,-4.90502463175,-19.620098527
52,2017-04-06,Apple,-0.25,-8.475648363000001,-84.75648363
53,2017-04-07,Apple,-0.223,-5.615492006,-5.615492006
54,2017-04-10,Apple,-0.11900000000000001,-2.0649570045,-4.129914009
55,2017-04-11,Apple,-1.0759999999999998,-8.279765413100002,-82.79765413100002
56,2017-04-12,Apple,0.12,-12.892627817400001,-64.463139087
57,2017-04-13,Apple,-0.529,-0.5030348960999996,-5.030348960999996
58,2017-04-17,Apple,0.5529999999999999,1.7970354853333335,10.782212912
59,2017-04-18,Apple,-0.444,-0.09119286449999997,-0.9119286449999997
60,2017-04-19,Apple,-0.368,-0.7659174763000002,-7.659174763000002
61,2017-04-20,Apple,1.251,-3.931067545625,-31.448540365
62,2017-04-21,Apple,-0.11900000000000001,-2.0821762598,-10.410881299000001
63,2017-04-24,Apple,0.963,1.8686327111428576,13.080428978000002
64,2017-04-25,Apple,0.62,-3.7138270117142858,-25.996789082
65,2017-04-26,Apple,-0.588,0.4489248645,0.897849729
66,2017-04-27,Apple,0.077,2.5639382408999998,25.639382408999996
67,2017-04-28,Apple,-0.09699999999999999,-0.8295361915999994,-8.295361915999994
68,2017-05-01,Apple,2.04,1.559607138444444,14.036464245999998
69,2017-05-02,Apple,0.634,-3.797245412428572,-26.580717887000002
70,2017-05-03,Apple,-0.305,-3.780731192,-37.807311920000004
71,2017-05-04,Apple,-0.36,2.5184622801,25.184622801
72,2017-05-05,Apple,1.6580000000000001,4.003903417,40.03903417
73,2017-05-08,Apple,2.719,5.677836090285715,39.744852632000004
74,2017-05-09,Apple,0.64,3.7532765853,37.532765853
75,2017-05-10,Apple,-0.474,5.160849289300001,51.608492893000005
76,2017-05-11,Apple,0.865,2.9055591072999998,29.055591073
77,2017-05-12,Apple,1.3969999999999998,3.3674708316,33.674708316
78,2017-05-15,Apple,-0.256,2.0799665783333334,12.47979947
79,2017-05-16,Apple,-0.14800000000000002,1.8168615524,18.168615524
80,2017-05-17,Apple,-3.358,-4.5243153970000005,-45.24315397
81,2017-05-18,Apple,1.524,-2.4674278711,-24.674278711
82,2017-05-19,Apple,0.341,-0.5889701427499998,-4.7117611419999985
83,2017-05-22,Apple,0.608,-0.3746215286,-3.746215286
84,2017-05-23,Apple,-0.12300000000000001,-2.1491065128,-21.491065128
85,2017-05-24,Apple,-0.299,3.7094404441,37.094404441
86,2017-05-25,Apple,0.34600000000000003,0.013618615666666741,0.04085584700000022
87,2017-05-26,Apple,-0.16899999999999998,2.5374497076666667,7.6123491229999996
88,2017-05-30,Apple,0.039,3.7282629929999995,29.826103943999996
89,2017-06-01,Apple,0.275,4.711757728666666,28.270546372
90,2017-06-02,Apple,1.482,2.0922437979,20.922437979
91,2017-06-05,Apple,-0.978,5.213762072,52.13762072
92,2017-06-06,Apple,0.33799999999999997,3.4580385682999997,34.580385682999996
93,2017-06-07,Apple,0.596,-1.0037365334000008,-10.037365334000008
94,2017-06-08,Apple,-0.245,5.921952507499999,59.219525074999986
95,2017-06-09,Apple,-3.878,-1.6221493611999995,-16.221493611999996
96,2017-06-12,Apple,-2.39,-3.8310959359999996,-38.31095936
97,2017-06-13,Apple,0.805,5.5571529737,55.571529737
98,2017-06-14,Apple,-0.976,1.4838547618999998,14.838547618999998
99,2017-06-15,Apple,-0.599,0.7507048986999998,7.507048986999998
100,2017-06-16,Apple,-1.4,4.5706175209,45.706175209
101,2017-06-19,Apple,2.861,6.630691023000001,53.045528184000005
102,2017-06-20,Apple,-0.909,-1.3109961041999998,-13.109961041999998
103,2017-06-21,Apple,0.593,-1.8148039485999994,-18.148039485999995
104,2017-06-22,Apple,-0.165,3.0510949185,30.510949185
105,2017-06-23,Apple,0.446,3.01934644225,12.077385769
106,2017-06-26,Apple,-0.314,0.7425190984000001,7.425190984
107,2017-06-27,Apple,-1.433,3.6783078152,36.783078152
108,2017-06-28,Apple,1.4609999999999999,3.6822814486,36.822814486
109,2017-06-29,Apple,-1.474,4.416672681875,35.333381455
110,2017-06-30,Apple,0.237,4.92389346625,19.695573865
111,2017-07-03,Apple,-0.361,8.571403127285715,59.999821891
112,2017-07-05,Apple,0.41100000000000003,4.9654481850000005,9.930896370000001
113,2017-07-06,Apple,-0.9440000000000001,-15.2522716726,-152.522716726
114,2017-07-07,Apple,1.016,2.2616213336,22.616213336
115,2017-07-10,Apple,0.61,1.3643050062,13.643050062
116,2017-07-11,Apple,0.324,-1.8786254579000001,-18.786254579
117,2017-07-12,Apple,0.14400000000000002,0.8284764926000001,8.284764926000001
118,2017-07-13,Apple,1.393,2.0794089,20.794089
119,2017-07-14,Apple,0.8590000000000001,0.8092373147777778,7.283135833
120,2017-07-17,Apple,0.349,-0.8120652506666667,-4.872391504
121,2017-07-18,Apple,0.348,4.5097577093,45.097577093
122,2017-07-19,Apple,0.626,-4.0228870254,-40.228870254
123,2017-07-20,Apple,-0.45,-8.3391398452,-83.391398452
124,2017-07-21,Apple,-0.047,-1.8676130492000003,-18.676130492000002
125,2017-07-24,Apple,1.2109999999999999,1.3787208592857143,9.651046015
126,2017-07-25,Apple,0.42700000000000005,2.6898990677000003,26.898990677000004
127,2017-07-26,Apple,0.47100000000000003,1.5869177414,15.869177414
128,2017-07-27,Apple,-1.89,0.8329346965,8.329346965
129,2017-07-28,Apple,-0.7040000000000001,-2.2092161790999993,-22.092161790999995
130,2017-07-31,Apple,-0.515,2.0320640566999995,20.320640566999995
131,2017-08-01,Apple,6.629,-1.0686544124999997,-10.686544124999998
132,2017-08-02,Apple,-0.914,0.6177867131999998,6.177867131999998
133,2017-08-03,Apple,-0.9990000000000001,8.6875588843,86.875588843
134,2017-08-04,Apple,0.527,-5.3057746990000005,-53.057746990000005
135,2017-08-07,Apple,1.547,-2.7534757845,-27.534757844999998
136,2017-08-08,Apple,0.8,-6.2510002324,-62.510002324
137,2017-08-09,Apple,0.612,-5.003576141,-50.03576141
138,2017-08-10,Apple,-3.185,-10.4411773343,-104.41177334300001
139,2017-08-11,Apple,1.391,-6.350124209333333,-57.151117883999994
140,2017-08-14,Apple,1.505,-0.03989570669999989,-0.3989570669999989
141,2017-08-15,Apple,1.095,-2.6920041434,-26.920041434
142,2017-08-16,Apple,-0.402,-3.3265295486,-33.265295486
143,2017-08-17,Apple,-1.92,-5.286394641400001,-52.86394641400001
144,2017-08-18,Apple,-0.228,-3.4052685968999996,-34.052685968999995
145,2017-08-21,Apple,-0.184,-1.7731164522222223,-15.95804807
146,2017-08-22,Apple,1.635,3.4331505385,20.598903231
147,2017-08-23,Apple,0.125,-2.4833503815,-24.833503815
148,2017-08-24,Apple,-0.444,7.0132419997,70.132419997
149,2017-08-25,Apple,0.37,3.7250356837000007,37.250356837000005
150,2017-08-28,Apple,1.0070000000000001,6.2685107219,62.685107219
151,2017-08-30,Apple,0.27,0.5161486185,5.161486185
152,2017-08-31,Apple,0.39799999999999996,2.0968720881000005,20.968720881000003
153,2017-09-01,Apple,0.03,4.847930896399999,48.479308964
154,2017-09-05,Apple,-1.2009999999999998,2.3675785319,23.675785319
155,2017-09-06,Apple,-0.105,0.7580219293,7.580219293
156,2017-09-07,Apple,-0.401,1.0831580882000003,10.831580882000003
157,2017-09-08,Apple,-1.631,-9.6456579075,-96.45657907500001
158,2017-09-11,Apple,1.8090000000000002,0.4483370921000002,4.483370921000002
159,2017-09-12,Apple,-0.396,-0.2360578002999997,-2.360578002999997
160,2017-09-13,Apple,-0.752,-2.6534203486999997,-26.534203486999996
161,2017-09-14,Apple,-0.858,1.5728163232999999,15.728163232999998
162,2017-09-15,Apple,1.011,9.3541659227,93.541659227
163,2017-09-18,Apple,-0.757,1.5075578895714286,10.552905227
164,2017-09-19,Apple,0.038,2.9852858398000004,29.852858398000002
165,2017-09-20,Apple,-1.676,-6.6981198410000005,-66.98119841
166,2017-09-21,Apple,-1.7169999999999999,-4.0812052346,-40.812052345999994
167,2017-09-22,Apple,-0.978,-6.3668762377,-63.66876237699999
168,2017-09-25,Apple,-0.882,-3.828459668899999,-38.28459668899999
169,2017-09-26,Apple,1.72,-2.0560180555,-20.560180555
170,2017-09-27,Apple,0.7120000000000001,5.716833666666667,51.451503
171,2017-09-28,Apple,-0.616,-7.7325441140999995,-77.325441141
172,2017-09-29,Apple,0.5479999999999999,-5.719701604800001,-57.19701604800001
173,2017-10-02,Apple,-0.201,4.944110222899999,49.441102228999995
174,2017-10-03,Apple,0.436,-2.99963089775,-23.997047182
175,2017-10-04,Apple,-0.647,4.1403977386,41.403977386
176,2017-10-05,Apple,1.244,0.6125363987,6.125363987
177,2017-10-06,Apple,-0.057999999999999996,-3.0184464430999993,-30.184464430999995
178,2017-10-09,Apple,0.348,0.8022095941,8.022095941
179,2017-10-10,Apple,0.039,2.9095317475,29.095317475
180,2017-10-11,Apple,0.41700000000000004,-0.8189461132,-8.189461132
181,2017-10-12,Apple,-0.35100000000000003,3.7688349256,37.688349256
182,2017-10-13,Apple,0.635,-9.3353944185,-93.353944185
183,2017-10-16,Apple,1.841,-1.3718047865999998,-13.718047866
184,2017-10-17,Apple,0.369,-2.0499086400000004,-20.499086400000003
185,2017-10-18,Apple,-0.442,2.4544269984,24.544269984
186,2017-10-19,Apple,-2.366,-4.0561869132999995,-40.561869132999995
187,2017-10-20,Apple,0.17300000000000001,-2.0365992973,-20.365992973
188,2017-10-23,Apple,-0.051,1.1497454347000002,11.497454347000001
189,2017-10-24,Apple,0.596,1.2136100929000002,12.136100929000001
190,2017-10-25,Apple,-0.439,-1.1439823218,-11.439823218
191,2017-10-26,Apple,0.639,2.9149031027,29.149031027
192,2017-10-27,Apple,3.583,-4.4155875491000005,-44.155875491
193,2017-10-30,Apple,2.251,4.1085804994,41.085804994
194,2017-10-31,Apple,1.392,0.6507954632999997,6.507954632999997
195,2017-11-01,Apple,-1.272,-5.9013040101,-59.013040100999994
196,2017-11-02,Apple,0.731,-2.4308849721000003,-24.308849721
197,2017-11-03,Apple,2.611,-2.2540733893000002,-22.540733893000002
198,2017-11-06,Apple,1.014,-1.2807879847,-12.807879847
199,2017-11-07,Apple,0.321,0.44824919600000046,4.482491960000004
200,2017-11-08,Apple,0.818,5.1118470797999995,51.118470798
201,2017-11-09,Apple,-0.204,4.0091457913,40.091457913
202,2017-11-10,Apple,-0.331,5.1030903653,51.030903652999996
203,2017-11-13,Apple,-0.401,-10.481829360499999,-20.963658720999998
204,2017-11-14,Apple,-1.5119999999999998,-3.1095911268,-31.095911268
205,2017-11-15,Apple,-1.319,-4.709042173399999,-47.090421733999996
206,2017-11-16,Apple,1.195,-6.7112580943000015,-67.11258094300001
207,2017-11-17,Apple,-0.555,-3.7623846271999994,-37.623846271999994
208,2017-11-20,Apple,-0.1,-0.018302006888888906,-0.16471806200000016
209,2017-11-21,Apple,1.859,0.0354827090999998,0.354827090999998
210,2017-11-22,Apple,1.051,2.3994348163000003,23.994348163000005
211,2017-11-24,Apple,0.006,-41.068993000333336,-123.20697900100001
212,2017-11-27,Apple,-0.503,3.86720886,3.86720886
213,2017-11-28,Apple,-0.586,-0.2288884192000001,-2.288884192000001
214,2017-11-29,Apple,-2.074,-6.538633259300001,-65.386332593
215,2017-11-30,Apple,1.3980000000000001,2.6826692391,26.826692391
216,2017-12-01,Apple,-0.466,-4.040767719,-40.40767719
217,2017-12-04,Apple,-0.731,-6.7627834513,-67.627834513
218,2017-12-05,Apple,-0.094,-8.4566261227,-84.566261227
219,2017-12-06,Apple,-0.371,3.4807540446000003,34.807540446000004
220,2017-12-07,Apple,0.183,4.301007784599999,43.010077845999994
221,2017-12-08,Apple,0.03,1.9477187313000002,19.477187313
222,2017-12-11,Apple,1.9480000000000002,2.8590683454,28.590683454
223,2017-12-12,Apple,-0.562,7.5196849831999995,75.196849832
224,2017-12-13,Apple,0.332,3.8085318992999992,38.085318992999994
225,2017-12-14,Apple,-0.028999999999999998,7.1648196837,71.648196837
226,2017-12-15,Apple,1.016,-0.6095552601,-6.0955526010000005
227,2017-12-18,Apple,1.4080000000000001,-3.285731418833334,-19.714388513000003
228,2017-12-19,Apple,-1.0659999999999998,0.5561624812000001,5.561624812000001
229,2017-12-20,Apple,-0.109,-0.20939667485714278,-1.4657767239999995
230,2017-12-21,Apple,0.379,-2.8309711627999996,-28.309711627999995
231,2017-12-22,Apple,0.0,-11.694357565500002,-116.94357565500002
232,2017-12-26,Apple,-2.537,-4.817802288699999,-48.178022887
233,2017-12-27,Apple,0.018000000000000002,-9.472099443900001,-94.72099443900001
234,2017-12-28,Apple,0.281,-3.7786284431999997,-37.786284431999995
235,2017-12-29,Apple,-1.081,-4.2709083134000005,-42.709083134000004
236,2018-01-02,Apple,1.79,0.44600087200000005,4.014007848
237,2018-01-03,Apple,-0.017,-3.7632408044,-37.632408044
238,2018-01-04,Apple,0.46399999999999997,0.9171757850000001,8.254582065000001
239,2018-01-05,Apple,1.139,1.1758653188000001,11.758653188000002
240,2018-01-08,Apple,-0.371,-0.5480476172999998,-5.480476172999999
241,2018-01-09,Apple,-0.011000000000000001,-4.6551033563,-46.551033563
242,2018-01-10,Apple,-0.023,-0.06408206449999998,-0.6408206449999998
243,2018-01-11,Apple,0.568,-0.37544564750000003,-3.7544564750000005
244,2018-01-12,Apple,1.033,-1.310201295777777,-11.791811661999994
245,2018-01-16,Apple,-0.508,-13.2109880627,-132.109880627
246,2018-01-17,Apple,1.652,5.280349296625,42.242794373
247,2018-01-18,Apple,0.08900000000000001,-5.220466210571429,-36.543263474
248,2018-01-19,Apple,-0.446,-0.5103163861000001,-5.1031638610000005
249,2018-01-22,Apple,-0.818,5.1998512024000005,51.99851202400001
250,2018-01-23,Apple,0.023,-1.7180409926,-17.180409926
251,2018-01-24,Apple,-1.5930000000000002,-5.9149459294,-59.149459294
252,2018-01-25,Apple,-1.785,2.4571714935,24.571714935000003
253,2018-01-26,Apple,0.23399999999999999,-9.141922507499997,-91.41922507499997
254,2018-01-29,Apple,-2.07,-4.0659657228,-40.659657228
255,2018-01-30,Apple,-0.589,-2.1606405202,-21.606405201999998
256,2018-01-31,Apple,0.275,-7.152210932500002,-71.52210932500002
257,2018-02-01,Apple,0.209,-3.9114038576000008,-39.114038576000006
258,2018-02-02,Apple,-4.3389999999999995,2.196975122799999,21.969751227999993
259,2018-02-05,Apple,-2.498,-2.9690959357000004,-29.690959357000004
260,2018-02-06,Apple,4.178999999999999,-3.187878337600001,-31.87878337600001
261,2018-02-07,Apple,-2.141,-1.220883729,-12.208837290000002
262,2018-02-08,Apple,-2.752,3.63301104775,29.064088382
263,2018-02-09,Apple,1.2229999999999999,-0.07793154050000006,-0.31172616200000025
264,2018-02-12,Apple,4.0280000000000005,-2.0675582525999996,-20.675582525999996
265,2018-02-13,Apple,1.002,-0.4920444730999998,-4.920444730999998
266,2018-02-14,Apple,1.844,3.1742078342999998,31.742078343
267,2018-02-15,Apple,3.358,3.1377548218999998,31.377548218999998
268,2018-02-16,Apple,-0.324,-1.6411642197999998,-16.411642198
269,2018-02-20,Apple,-0.336,6.0216113511666665,36.129668107
270,2018-02-21,Apple,-0.45399999999999996,-1.3360854965000002,-13.360854965000001
271,2018-02-22,Apple,0.836,3.5157363237142856,24.610154266
272,2018-02-23,Apple,1.739,0.6646470985000003,3.9878825910000018
273,2018-02-26,Apple,1.9769999999999999,1.9443364635000002,19.443364635000002
274,2018-02-27,Apple,-0.324,2.5557553562,25.557553562000003
275,2018-02-28,Apple,-0.151,-4.295314180428571,-30.067199262999996
276,2018-03-01,Apple,-1.7519999999999998,2.1784618842,21.784618842
277,2018-03-02,Apple,0.691,0.7679681474000002,7.679681474000002
278,2018-03-05,Apple,0.34600000000000003,5.8527066707,58.527066707
279,2018-03-06,Apple,-0.085,-2.6296478602999995,-26.296478602999997
280,2018-03-07,Apple,-0.9279999999999999,5.157885873900001,51.578858739000005
281,2018-03-08,Apple,1.091,2.1581002877,21.581002877
282,2018-03-09,Apple,1.7180000000000002,4.836770482699999,48.36770482699999
283,2018-03-12,Apple,0.9670000000000001,2.2619040597,22.619040596999998
284,2018-03-13,Apple,-0.963,3.4558384186000004,34.558384186000005
285,2018-03-14,Apple,-0.85,3.4342392399999992,34.342392399999994
286,2018-03-15,Apple,0.11800000000000001,-1.7931320898000003,-17.931320898000003
287,2018-03-16,Apple,-0.353,2.3658712257,23.658712256999998
288,2018-03-19,Apple,-1.528,-2.0712826479,-20.712826479
289,2018-03-20,Apple,-0.034,6.374525305444445,57.370727749000004
290,2018-03-21,Apple,-2.265,-0.6103527092000001,-6.103527092000001
291,2018-03-22,Apple,-1.413,0.3543480268999998,3.5434802689999976
292,2018-03-23,Apple,-2.316,-1.4334801904999999,-14.334801904999999
293,2018-03-26,Apple,4.747,-4.858067152099999,-48.58067152099999
294,2018-03-27,Apple,-2.5639999999999996,4.6130050987,46.130050987000004
295,2018-03-28,Apple,-1.105,0.5107251798,5.107251798
296,2018-03-29,Apple,0.7809999999999999,4.927422439500001,49.274224395000005
297,2018-04-02,Apple,-0.6559999999999999,1.9999554541999998,19.999554542
298,2018-04-03,Apple,1.026,0.7023801613,7.023801613
299,2018-04-04,Apple,1.912,-9.560405128099998,-95.60405128099998
300,2018-04-05,Apple,0.693,0.7583816534999995,7.583816534999995
301,2018-04-06,Apple,-2.5580000000000003,3.5211160320000006,35.211160320000005
302,2018-04-09,Apple,0.992,4.9633483913999985,49.63348391399999
303,2018-04-10,Apple,1.882,3.7301090887,37.301090887
304,2018-04-11,Apple,-0.46799999999999997,1.9183103749000008,19.183103749000008
305,2018-04-12,Apple,0.986,-4.3531016816,-43.531016816
306,2018-04-13,Apple,0.33899999999999997,-9.3137873064,-93.137873064
307,2018-04-16,Apple,0.624,-2.7612155278749997,-22.089724222999997
308,2018-04-17,Apple,1.376,2.3251361608,23.251361608
309,2018-04-18,Apple,-0.22399999999999998,-7.0474735324,-70.474735324
310,2018-04-19,Apple,-2.8339999999999996,4.9255027809,49.255027809
311,2018-04-20,Apple,-4.0969999999999995,-15.9733128833,-159.733128833
312,2018-04-23,Apple,-0.29,-8.672411420900001,-86.724114209
313,2018-04-24,Apple,-1.392,0.3642277641000001,3.6422776410000006
314,2018-04-25,Apple,0.436,-8.9375362831,-89.375362831
315,2018-04-26,Apple,0.348,0.005559742499999754,0.055597424999997536
316,2018-04-27,Apple,-1.157,-7.535844695199998,-75.35844695199998
317,2018-04-30,Apple,1.811,-0.7047216327999999,-7.047216327999998
318,2018-05-01,Apple,2.324,0.23253311459999998,2.325331146
319,2018-05-02,Apple,4.418,1.1959853158,11.959853158
320,2018-05-03,Apple,0.18100000000000002,-3.6449614954000005,-36.449614954000005
321,2018-05-04,Apple,3.923,2.9666211578999997,29.666211579
322,2018-05-07,Apple,0.723,4.870185996999999,48.701859969999994
323,2018-05-08,Apple,0.48100000000000004,-2.267651626,-22.676516260000003
324,2018-05-09,Apple,0.7040000000000001,1.0375472889000004,10.375472889000005
325,2018-05-10,Apple,1.43,1.3558420217000002,13.558420217000002
326,2018-05-11,Apple,-0.38,-0.12391536049999967,-1.2391536049999967
327,2018-05-14,Apple,-0.233,-4.0022900953,-40.022900953000004
328,2018-05-15,Apple,-0.909,1.1098128813,11.098128813
329,2018-05-16,Apple,0.9329999999999999,2.1672150232000007,21.672150232000007
330,2018-05-17,Apple,-0.632,-10.9000010006,-109.000010006
331,2018-05-18,Apple,-0.364,-5.6076083015,-56.076083015
332,2018-05-21,Apple,0.708,3.2628301904,32.628301904
333,2018-05-22,Apple,-0.25,7.225622374400001,72.25622374400001
334,2018-05-23,Apple,0.6409999999999999,-7.1485408303,-71.485408303
335,2018-05-24,Apple,-0.111,-4.648416890200001,-46.48416890200001
336,2018-05-25,Apple,0.22899999999999998,-10.2750248909,-102.75024890899999
337,2018-05-29,Apple,-0.361,-3.1464531255999995,-31.464531255999994
338,2018-05-30,Apple,-0.213,-4.9666534681000005,-49.666534681
339,2018-05-31,Apple,-0.336,-3.6126675939000004,-36.126675939
340,2018-06-01,Apple,1.8030000000000002,-9.5999581212,-95.999581212
341,2018-06-04,Apple,0.836,-1.3462407007,-13.462407007
342,2018-06-05,Apple,0.772,-1.9647154940999996,-19.647154940999997
343,2018-06-06,Apple,0.34700000000000003,8.9443983562,89.44398356200001
344,2018-06-07,Apple,-0.268,-10.516606595899999,-105.166065959
345,2018-06-08,Apple,-0.91,-1.2422356025,-12.422356025000001
346,2018-06-11,Apple,-0.245,0.43108249940000043,4.310824994000004
347,2018-06-12,Apple,0.5489999999999999,-14.080774375499999,-140.807743755
348,2018-06-13,Apple,-0.8220000000000001,-9.038044732600001,-90.38044732600001
349,2018-06-14,Apple,0.052000000000000005,-9.099937950500001,-90.99937950500001
350,2018-06-15,Apple,-1.0270000000000001,2.8884011433,28.884011432999998
351,2018-06-18,Apple,-0.053,-1.9347366584000003,-19.347366584000003
352,2018-06-19,Apple,-1.6159999999999999,-4.984970968900001,-49.84970968900001
353,2018-06-20,Apple,0.436,3.2641448710000005,32.641448710000006
354,2018-06-21,Apple,-0.5579999999999999,4.2393758659,42.393758659
355,2018-06-22,Apple,-0.29100000000000004,-3.6119704630999996,-36.119704631
356,2018-06-25,Apple,-1.4869999999999999,2.0092886276,20.092886276
357,2018-06-26,Apple,1.2409999999999999,-7.7013256839,-77.01325683900001
358,2018-06-27,Apple,-0.146,-5.790578872999999,-57.90578873
359,2018-06-28,Apple,0.728,0.48619392230000014,4.861939223000001
360,2018-06-29,Apple,-0.21,4.0426701021,40.426701021
361,2018-07-02,Apple,1.1179999999999999,5.416570169400001,54.165701694000006
362,2018-07-03,Apple,-1.742,-4.041043998666667,-36.369395988
363,2018-07-05,Apple,0.805,-0.4927621540999997,-4.927621540999997
364,2018-07-06,Apple,1.386,1.5344858928,15.344858928
365,2018-07-09,Apple,1.389,-2.5486319358,-25.486319358
366,2018-07-10,Apple,-0.121,-8.2721056462,-82.72105646199999
367,2018-07-11,Apple,-1.298,-1.7449464069,-17.449464069
368,2018-07-12,Apple,1.6769999999999998,10.979191278099998,109.79191278099998
369,2018-07-13,Apple,0.157,12.4955778429,124.95577842899999
370,2018-07-16,Apple,-0.22,-2.0670756059000004,-20.670756059000006
371,2018-07-17,Apple,0.28300000000000003,-3.9677523196999998,-39.677523197
372,2018-07-18,Apple,-0.5479999999999999,6.4201311089,64.201311089
373,2018-07-19,Apple,0.777,-1.7972355525999997,-17.972355525999998
374,2018-07-20,Apple,-0.22899999999999998,-1.6652559628000005,-16.652559628000006
375,2018-07-23,Apple,0.08900000000000001,-2.1196695427,-21.196695427
376,2018-07-24,Apple,0.725,-0.9335527990000003,-9.335527990000003
377,2018-07-25,Apple,0.943,-1.9508548044,-19.508548044
378,2018-07-26,Apple,-0.313,9.0586196779,90.58619677899999
379,2018-07-27,Apple,-1.663,5.605049467200001,56.050494672000006
380,2018-07-30,Apple,-0.56,5.7694083992000005,57.694083992
381,2018-07-31,Apple,0.2,-2.5507907931999996,-25.507907931999995
382,2018-08-01,Apple,5.891,3.8272011755,38.272011755
383,2018-08-02,Apple,2.923,-2.5942862722000006,-25.942862722000005
384,2018-08-03,Apple,0.289,2.6700920807,26.700920807
385,2018-08-06,Apple,0.519,-23.402596193,-234.02596193
386,2018-08-07,Apple,-0.937,-6.908831374900001,-69.08831374900001
387,2018-08-08,Apple,0.068,2.5996582812999995,25.996582812999996
388,2018-08-09,Apple,0.7859999999999999,-0.7044865413999997,-7.044865413999997
389,2018-08-10,Apple,-0.298,-0.6398469428999997,-6.398469428999997
390,2018-08-13,Apple,0.6459999999999999,-1.2328242897999997,-12.328242897999997
391,2018-08-14,Apple,0.42100000000000004,0.6069637633999999,6.069637633999999
392,2018-08-15,Apple,0.23399999999999999,-5.363106869400001,-53.63106869400001
393,2018-08-16,Apple,1.465,-2.7974764480000003,-27.974764480000005
394,2018-08-17,Apple,1.9969999999999999,-6.398243008099998,-63.98243008099998
395,2018-08-20,Apple,-0.9740000000000001,-1.7647851879,-17.647851879
396,2018-08-21,Apple,-0.195,-2.3342227427999998,-23.342227427999998
397,2018-08-22,Apple,0.005,-4.060952560900001,-40.609525609
398,2018-08-23,Apple,0.205,-6.067601335599999,-60.67601335599999
399,2018-08-24,Apple,0.311,2.7536582211000002,27.536582211000002
400,2018-08-27,Apple,0.823,9.4472480224,94.472480224
401,2018-08-28,Apple,0.8079999999999999,2.778608741,27.78608741
402,2018-08-29,Apple,1.493,5.108605226,51.08605226
403,2018-08-30,Apple,0.919,0.19241414469999993,1.9241414469999993
404,2018-08-31,Apple,1.155,-5.5884528043,-55.884528043
405,2018-09-04,Apple,0.321,5.185989713500001,51.859897135000004
406,2018-09-05,Apple,-0.652,5.4284108499,54.284108499
407,2018-09-06,Apple,-1.662,4.15550244775,33.244019582
408,2018-09-07,Apple,-0.807,-3.656198552375,-29.249588419
409,2018-09-10,Apple,-1.3419999999999999,0.0006504419999999289,0.006504419999999289
410,2018-09-11,Apple,2.528,2.7480739736000004,27.480739736000004
411,2018-09-12,Apple,-1.242,2.4533342905,24.533342904999998
412,2018-09-13,Apple,2.416,4.0010688584,40.010688584
413,2018-09-14,Apple,-1.135,-2.692346472300001,-26.92346472300001
414,2018-09-17,Apple,-2.6630000000000003,3.7325866845999998,37.325866846
415,2018-09-18,Apple,0.165,3.0994603696,30.994603696
416,2018-09-19,Apple,0.06,5.831813518000001,58.318135180000006
417,2018-09-20,Apple,0.76,0.8822021092000002,8.822021092000002
418,2018-09-21,Apple,-1.077,-2.1312722144,-21.312722144
419,2018-09-24,Apple,1.4380000000000002,7.5287143582999985,75.28714358299999
420,2018-09-25,Apple,0.634,-1.9993848455999998,-19.993848456
421,2018-09-26,Apple,-0.797,6.500141039000001,65.00141039
422,2018-09-27,Apple,2.055,3.7600249823,37.600249823
423,2018-09-28,Apple,0.35100000000000003,2.0038889461000005,20.038889461000004
424,2018-10-01,Apple,0.6729999999999999,0.34035857510000034,3.403585751000003
425,2018-10-02,Apple,0.889,-5.9189739634,-59.189739634
426,2018-10-03,Apple,1.217,-0.15590199989999967,-1.5590199989999967
427,2018-10-04,Apple,-1.758,-12.819643086400001,-128.196430864
428,2018-10-05,Apple,-1.6230000000000002,-9.7353773749,-97.35377374900001
429,2018-10-08,Apple,-0.23199999999999998,7.6023483105,76.023483105
430,2018-10-09,Apple,1.385,-4.494164445000001,-44.941644450000005
431,2018-10-10,Apple,-4.633,3.4549066446,34.549066446
432,2018-10-11,Apple,-0.883,5.243602173699999,52.436021737
433,2018-10-12,Apple,3.572,-1.3682605546999995,-13.682605546999996
434,2018-10-15,Apple,-2.1390000000000002,-3.7866992826,-37.866992826
435,2018-10-16,Apple,2.204,8.2819535666,82.81953566600001
436,2018-10-17,Apple,-0.43200000000000005,8.305521368800001,83.05521368800001
437,2018-10-18,Apple,-2.3369999999999997,1.6561069159999995,16.561069159999995
438,2018-10-19,Apple,1.5230000000000001,-10.833622056900001,-108.336220569
439,2018-10-22,Apple,0.611,2.9806945457999996,29.806945457999998
440,2018-10-23,Apple,0.943,-1.7090103443000004,-17.090103443000004
441,2018-10-24,Apple,-3.43,-2.2128873598,-22.128873598
442,2018-10-25,Apple,2.19,1.9970520171000001,19.970520171
443,2018-10-26,Apple,-1.5919999999999999,-13.5728938824,-135.728938824
444,2018-10-29,Apple,-1.8769999999999998,3.5876399928000007,35.876399928000005
445,2018-10-30,Apple,0.499,5.7483377051,57.483377051
446,2018-10-31,Apple,2.6069999999999998,4.215120682699999,42.151206826999996
447,2018-11-01,Apple,1.535,-8.5826226104,-85.826226104
448,2018-11-02,Apple,-6.632999999999999,-4.451906576,-44.51906576
449,2018-11-05,Apple,-2.839,-4.892782534,-48.92782534
450,2018-11-06,Apple,1.081,13.3692928569,133.692928569
451,2018-11-07,Apple,3.033,1.7765453101000002,17.765453101000002
452,2018-11-08,Apple,-0.349,-2.0699010340000004,-20.699010340000005
453,2018-11-09,Apple,-1.9280000000000002,-4.4253091119,-44.253091119
454,2018-11-12,Apple,-5.037,-3.344972449,-33.44972449
455,2018-11-13,Apple,-0.9990000000000001,-5.3755853859,-53.755853859
456,2018-11-14,Apple,-2.825,-6.2855480772,-62.855480772
457,2018-11-15,Apple,2.468,-0.42212084690000007,-4.2212084690000005
458,2018-11-16,Apple,1.1079999999999999,9.586520980700001,95.86520980700001
459,2018-11-19,Apple,-3.963,-4.7519353257,-47.519353257
460,2018-11-20,Apple,-4.7780000000000005,-15.484606192799998,-154.84606192799998
461,2018-11-21,Apple,-0.113,1.0907539820000003,10.907539820000002
462,2018-11-23,Apple,-2.54,1.4397070239,14.397070239
463,2018-11-26,Apple,1.3519999999999999,-0.12025685619999997,-1.2025685619999997
464,2018-11-27,Apple,-0.218,5.2569855991,52.569855991000004
465,2018-11-28,Apple,3.845,2.5367145291,25.367145291000003
466,2018-11-29,Apple,-0.768,-3.3002774862999997,-33.002774863
467,2018-11-30,Apple,-0.54,1.6728804738999998,16.728804738999997
468,2018-12-03,Apple,3.4939999999999998,0.2856644892000003,2.856644892000003
469,2018-12-04,Apple,-4.399,-0.4567456574999997,-4.567456574999997
470,2018-12-06,Apple,-1.115,0.7645556793999999,7.645556793999999
471,2018-12-07,Apple,-3.5660000000000003,10.683366047899998,106.83366047899997
472,2018-12-10,Apple,0.659,-11.415397461400001,-114.153974614
473,2018-12-11,Apple,-0.5720000000000001,-5.0093849775,-50.093849774999995
474,2018-12-12,Apple,0.27899999999999997,1.0182356833000006,10.182356833000005
475,2018-12-13,Apple,1.094,0.5766595783999999,5.766595784
476,2018-12-14,Apple,-3.2,-4.427647545699999,-44.276475457
477,2018-12-17,Apple,-0.9309999999999999,4.1794772132,41.794772132
478,2018-12-18,Apple,1.2990000000000002,5.4319996399,54.319996399
479,2018-12-19,Apple,-3.1189999999999998,2.3993260128000005,23.993260128000003
480,2018-12-20,Apple,-2.523,-7.033683142699999,-70.33683142699999
481,2018-12-21,Apple,-3.89,-1.2176922329999997,-12.176922329999996
482,2018-12-24,Apple,-2.5869999999999997,-2.636003346700001,-26.360033467000008
483,2018-12-26,Apple,7.042000000000001,6.669122581800001,66.691225818
484,2018-12-27,Apple,-0.649,-9.5621630488,-95.62163048800001
485,2018-12-28,Apple,0.051,0.39885353039999955,3.9885353039999956
486,2018-12-31,Apple,0.9670000000000001,6.634411845699999,66.344118457
487,2019-01-02,Apple,0.114,-4.348438621200001,-43.484386212000004
488,2019-01-03,Apple,-9.961,-7.001546049199999,-70.01546049199999
489,2019-01-04,Apple,4.269,-8.7129268217,-87.129268217
490,2019-01-07,Apple,-0.223,-3.5866574343999984,-35.866574343999986
491,2019-01-08,Apple,1.906,-1.9222380486000001,-19.222380486000002
492,2019-01-09,Apple,1.6980000000000002,4.9761467703,49.761467703
493,2019-01-10,Apple,0.32,1.5405601344,15.405601343999999
494,2019-01-11,Apple,-0.982,1.2820740640000001,12.82074064
495,2019-01-14,Apple,-1.504,6.278776831,62.787768310000004
496,2019-01-15,Apple,2.0469999999999997,2.3578971712000003,23.578971712
497,2019-01-16,Apple,1.222,-1.3339372382999999,-13.339372382999999
498,2019-01-17,Apple,0.594,-3.5384792430000003,-35.384792430000005
499,2019-01-18,Apple,0.616,1.034295205,10.342952050000001
